code,name
301558,阿里巴巴概念
300800,安防
301496,白酒概念
304582,白马股
308574,半年报预增
301259,百度概念
308332,北汽新能源
307408,边缘计算
305376,丙烯酸
307550,冰雪产业
300018,参股保险
306912,宁德时代概念
300100,参股券商
302148,参股万达商业
300389,参股新三板
300157,草甘膦
301270,参股银行
308432,长三角一体化
300158,超导
306750,超级品牌
308501,超级真菌
308473,超清视频
300163,车联网
300786,充电桩
300168,创投
308568,创业板重组松绑
301123,大豆
300013,大飞机
300835,大数据
300733,锂电池
301213,电子发票
302027,电子竞技
300186,电子商务
300649,迪士尼
301623,地下管网
301489,电力改革
308477,电力物联网
300755,东盟自贸区
308537,动物疫苗
308002,独角兽概念
300891,二胎概念
301631,二维码识别
308555,ETC
308572,仿制药一致性评价
300200,风电
301292,分散染料
308438,芬太尼
300085,氟化工
301236,福建自贸区
307954,富士康概念
308539,富时罗素概念股
300890,高端装备
301436,高送转
301518,高铁
300210,高校
301620,工业4.0
301477,工业大麻
301780,工业互联网
301284,供应链金融
302154,股权转让
308436,高送转预期
301630,广东自贸区
301079,光伏概念
300221,固废处理
308531,国产操作系统
301524,国产软件
300082,军工
308511,郭台铭概念
300091,国资驰援
302166,共享单车
300105,海工装备
300236,国产航母
300973,航运概念
301783,杭州亚运会
300238,核电
308505,黑洞概念
308547,黑龙江自贸区
300087,横琴新区
301663,互联网+
301249,互联网彩票
301209,互联网金融
300444,互联网医疗
300248,黄金概念
301459,华为概念
308527,华为海思概念股
301490,沪股通
301628,互联网保险
308564,沪伦通概念
300132,金融IC
301522,集成电路概念
300814,家用电器
300730,节能环保
300053,节能照明
300265,金改
300061,京津冀一体化
300816,机器人概念
301146,基因测序
301799,健康中国
301786,军民融合
300269,举牌
308576,科创板公司
308578,科创板对标
308493,科创板IPO
308475,科创板预期
300277,可燃冰
301610,壳资源
307264,空铁WIFI
301564,跨境电商
308566,垃圾分类
301139,蓝宝石
301179,冷链物流
301561,两桶油改革
300830,量子通信
300923,生态农业
302150,蚂蚁金服概念
300084,煤化工
300831,美丽中国
301346,民营医院
303944,MSCI概念
301683,能源互联网
308458,年报预增
301632,农村电商
301306,农机
308016,农业种植
301154,OLED
301497,啤酒概念
300309,苹果概念
300134,PM2.5
301624,PPP概念
301471,汽车电子
300220,期货概念
301794,青蒿素
300075,禽流感
302045,区块链
300316,燃料电池
305790,燃料乙醇
302035,人工智能
308517,人造肉
301166,人脸识别
308497,融媒体
300900,融资融券
308467,柔性屏
300983,乳业
301602,赛马概念
301402,上海国资改革
301128,上海自贸区
308463,商誉减值
301636,深股通
300106,生物疫苗
300769,生物医药
307512,石墨电极
300337,石墨烯
300023,食品安全
301531,首发新股
301050,手机游戏
300345,水利
307826,水泥
308479,数字孪生
308525,数字乡村
308176,数字中国
308296,送转填权
300862,ST板块
300709,生物质能
301171,深圳国资改革
300351,钛白粉
308483,太空互联网
308513,台湾概念股
300352,碳纤维
300845,特钢概念
300353,特高压
302010,腾讯概念
302674,特色小镇
301121,特斯拉
301229,天津自贸区
300358,天然气
301605,体育产业
300362,通用航空
308499,透明工厂
300858,土地流转
308495,外资券商影子股
302059,网络直播
308481,网络切片
300019,网络游戏
302142,网约车
300722,卫星导航
300806,文化传媒
300378,物联网
301408,物流电商平台
300889,无人机
301286,无人驾驶
304756,无人零售
300374,污水处理
300723,无线充电
302170,微信小程序
302182,雄安新区
300836,乡村振兴
308384,消费电子
301700,消费金融
300809,小金属概念
301278,小米概念
301543,细胞免疫治疗
300883,新材料概念
300870,新股与次新股
300386,新疆振兴
302436,新零售
300008,新能源汽车
301085,芯片概念
301377,信托概念
300756,网络安全
300777,稀缺资源
300382,稀土永磁
301699,虚拟现实
308560,烟草
301576,养鸡
301494,养老概念
301546,央企国资改革
301252,眼科医疗
300402,页岩气
301365,一带一路
300188,移动支付
301505,医疗器械概念
301383,油品改革
301491,粤港澳大湾区
301572,玉米
300419,云计算
300917,语音技术
301565,医药电商
301227,在线教育
301223,在线旅游
301713,中船系
302046,债转股
300642,智慧城市
301175,智能穿戴
300037,智能电网
300920,智能家居
300440,智能交通
301797,智能物流
300682,智能医疗
302131,智能音箱
308172,知识产权保护
301539,职业教育
301541,中韩自贸区
300704,中字头股票
300451,猪肉
301715,证金持股
301455,摘帽
305794,装配式建筑
301100,足球概念
302034,租售同权
306398,自由贸易港
300127,3D打印
300843,5G